Message,Actual Label,Predicted Label
funny fact nobody teach volcano 2 erupt tsunamis 2 arise hurricane 2 sway aroundn 1 teach hw 2 choose wife natural disaster happen,0,0
send score sophas secondary application school think think apply research cost also contact joke ogunrinde school one less expensive one,0,0
know someone know fancy call 09058097218 find pobox 6 ls15hb 150p,1,1
promise get soon will text morning let know make ok,0,0
congratulation ur award either 500 cd gift voucher free entry 2 100 weekly draw txt music 87066 tnc wwwldewcom1win150ppmx3age16,1,1
will text carlos let know hang,0,0
ki did't see youkwhere,0,0
messageno responcewhat happend,0,0
get gandhipuram walk cross cut road right side ltgt street road turn first right,0,0
flippin shit yet,0,0
real tho suck can not even cook whole electricity ' m hungry,0,0
free tone hope enjoy new content text stop 61610 unsubscribe help08712400602450p provide tones2youcouk,1,1
' m wif buy tix lar,0,0
call u finish come n pick u,0,0
dear chechi talk,0,0
be want come online,0,0
somewhere fredericksburg,0,0
urgent mobile award 1500 bonus caller prize 27603 final attempt 2 contact u call 08714714011,1,1
come,0,0
k u bore come home,0,0
call 1010 make sure dat ' ve wake,0,0
boy love u grl hogolo boy gold chain kodstini grl agalla boy necklace madstini grl agalla boy hogli 1 mutai eerulli kodthini grl love u kano,0,0
bloo bloo bloo will miss first bowl,0,0
yeah sure give couple minute track wallet,0,0
2nd time try 2 contact u u 750 pound prize 2 claim easy call 087187272008 now1 10p per minute btnationalrate,1,1
cancel yeah baby well sound important understand darlin give ring later fone love kate x,0,0
still look job much ta 's earn,0,0
gud gudk chikku tke care sleep well gud nyt,0,0
will reach ard 20 min ok,0,0
wat,0,0
do internet connection v slow can not send try later first thing tomo,0,0
yup izzit still rain heavily cos ' m e mrt can not c outside,0,0
hi ' m sue 20 year old work lapdancer love sex text live ' m bedroom text sue 89555 textoperator g2 1da 150ppmsg 18,1,1
pls send company name saibaba colany,0,0
can not speak bcaz mobile problem listen not listen voice call later,0,0
yes think office lap room think that s last day do not shut,0,0
yeah 's jus rite,0,0
hey mate speak mag people deliver end month deliver 24th sept talk later,0,0
know mood today,0,0
alrite jod how s revision goin keris bin doin smidgin n e way u wan na cum collegexx,0,0
see know give break time woul lead always want miss curfew go to gibe ' til one midnight movie go to get til 2 need come home need getsleep anything need b studdying ear training,0,0
lol know see dollar store,0,0
try call reply sm video mobile 750 min unlimited text free camcorder reply call 08000930705 del thur,1,1
hey galsu wan na meet 4 dinner nte,0,0
aft finish lunch go str lor ard 3 smth lor u finish ur lunch already,0,0
can not u try new invention flyi ' m joke,0,0
would good will phone tomo lunchtime shall organise something,0,0
lol would awesome payback,0,0
would like would not jerk,0,0
yeah be barely enough room two us x many fucking shoe sorry man see later,0,0
hmv bonus special 500 pound genuine hmv voucher answer 4 easy question play send hmv 86688 infowww100percentrealcom,1,1
remain bro amongst bros,0,0
want new nokia 3510i colour phone deliveredtomorrow 300 free minute mobile 100 free text free camcorder reply call 08000930705,1,1
be car hour half ' m go apeshit,0,0
cool text head,0,0
's say 's bad dat e gal know u wat u,0,0
know girl always safe selfish know get pa thank good night,0,0
ok finish soon,0,0
life alle moneeppolum oru pole allalo,0,0
let want house 8 am,0,0
daddy take good care,0,0
buy space invader 4 chance 2 win orig arcade game console press 0 game arcade std wap charge see o2coukgame 4 term setting purchase,1,1
ever easy,0,0
like love arrange,0,0
hi darlin hope nice night wish come can not wait see love fran ps want dirty anal sex want 10 man gang bang,0,0
goodmorning today late ltgt min,0,0
per request ' maangalyam alaipayuthe ' set callertune caller press 9 copy friend callertune,0,0
wish u feel alone,0,0
awesome question cute answer someone ask boy ur life smile amp answer fine gudnite,0,0
ur hmv quiz cashbalance currently 500 maximize ur cashin send hmv1 86688 150pmsg,1,1
wat 's da decision,0,0
kkadvance happy pongal,0,0
unless 's situation go gurl would appropriate,0,0
honeybee say ' m sweetest world god laugh amp say waitu havnt meet person read msg moral even god crack joke gmgngegn,0,0
that s alrite girl u know gail neva wrongtake care sweet do not worryc u l8tr hunlove yaxxx,0,0
winner value network customer select receivea 900 prize reward claim call 09061701461 claim code kl341 valid 12 hour,1,1
's someone year ltgt toyota camry like mr olayiwola 's mileage ltgt kit clean need know much sell raise dough soon land sell holla back,0,0
head dey swell oh thank make day,0,0
ok take ur time n enjoy ur dinner,0,0
sad story man last week b'day wife did'nt wish parent forget n kid go work even colleague wish enter cabin pa say '' happy b'day boss '' feel special askd 4 lunch lunch invite apartment go say '' u mind go bedroom minute '' '' ok '' se sexy mood come 5 minut latr wid caken wife parent kidz friend n colleague scream surprise wait sofa ' naked,0,0
ok thanx take care,0,0
keng rock ashe,0,0
' m home,0,0
wiskey brandy rum gin beer vodka scotch shampain wine kudiyarasu dhina vaazhthukkal,0,0
that s go ruin thesis,0,0
lem know be,0,0
1appledayno doctor 1tulsi leafdayno cancer 1lemondayno fat 1cup milkdayno bone problm 3 litre watrdayno disease snd ths 2 u care,0,0
yay finally lol miss cinema trip last week,0,0
find way not include detail,0,0
great hope use connection mode man also cos never know old friend lead today,0,0
fear faint housework quick cuppa,0,0
one not stalk profile,0,0
aiyar u poor thing give u support k jia will think u,0,0
okie thanx,0,0
sorry will call later,0,0
mum say wan go go shun bian watch da glass exhibition,0,0
say bold torch later one torch 2bold,0,0
yet chikkuwat abt u,0,0
look,0,0
shopping eh ger toke abt syd lehhaha,0,0
like new mobile,0,0
free call pa,0,0
wat r u,0,0
single line big meaning miss anything 4 ur good life,0,0
talk that s de will not,0,0
yep like pink furniture tho,0,0
thank honey still not hear anything leave bit long 2 crowd try later great advice thank hope cardiff still,0,0
ask dad pick lar wan 2 stay 6 meh,0,0
sorry pa do not knw ru pa,0,0
u switch fone dammit,0,0
' m work please call,0,0
well watch shrek 3db,0,0
long quit get like 5 minute day,0,0
hey tell name gautham ah,0,0
happy new year princess,0,0
coffee cake guess,0,0
will not touch permission,0,0
sometimes put wall around heartsnot safe getting hurt find care enough break wall amp get close goodnoon,0,0
speak feel word well silence gud mrng,0,0
get like ltgt get later though get whatever feel like,0,0
k ' m ready ltgt,0,0
sir need velusamy sir 's date birth company bank facility detail,0,0
rise need water season need change poet need imaginationmy phone need ur sm need ur lovely frndship forever,0,0
wan2 win meetgreet westlife 4 u m8 currently tour 1unbreakable 2untamed 3unkempt text 12 3 83049 cost 50p std text,1,1
know thinkin malaria relax child can not handle malaria would bad gastroenteritis take enough replace loss temp reduce give malaria med vomit self limit illness mean day completely stop,0,0
much buzy,0,0
ok every night take warm bath drink cup milk will see work magic still need loose weight know,0,0
yo know anyone ltgt otherwise able buy liquor guy flake right not get hold somebody 4 loko night,0,0
smile right go world wonder smile think crazy keep away grin,0,0
sm auction brand new nokia 7250 4 auction today auction free 2 join take part txt nokia 86021,1,1
happy sad one thing past good morning,0,0
aathiwhere dear,0,0
oh mr sheffield wan na play game okay be boss ' m nanny give raise will give one,0,0
k wen ur free come home also tel vikky hav send mail also well come evening il free today aftr 6 pm,0,0
ugh not wan na get bed 's warm,0,0
ummmmmaah many many happy return day dear sweet heart happy birthday dear,0,0
doc prescribed morphine cause pain med not enough wait mom bring med kick fast ' m go to try later,0,0
aiyah sorry lor watch tv watch forget 2 check phone,0,0
dis yijue jus see ur mail case huiming have not send u num dis num,0,0
kay since already,0,0
pizza u want,0,0
aight will text ' m back,0,0
aight close still around alex 's place,0,0
mobile 11 month u r entitle update late colour mobile camera free call mobile update co free 08002986030,1,1
like,0,0
like shake booty dance floor,0,0
not worry though understand important put place poorly think punishment face bad thing ever happen brb go to go kill,0,0
anyway holla whenever be around need excuse go creep people sarasota,0,0
girl stay bed girl not need recovery time i d rather pass fun coope bed,0,0
hello little party animal thought have buzz friend grin remind love send naughty adore kiss,0,0
oops thk dun haf enuff go check tell,0,0
horrible bf v hungry,0,0
hi move in2 pub would great 2 c u u cud come,0,0
sorry will call later,0,0
movie laptop,0,0
wot we d nite 3 til 9,0,0
sac score big hundredhe set batsman,0,0
motivate behind every darkness shine light waiting find behind every good friend always trust love bslvyl,0,0
' m surprised still guess right lor,0,0
's say hi drugdealer,0,0
oh oh wasted den muz chiong sit n sun liao,0,0
waqt se pehle naseeb se zyada kisi ko kuch nahi miltazindgi wo nahi jo hum sochte hai zindgi wo hai jo ham jeetey hai,0,0
lol know hey someone great inpersonation flea forum love,0,0
u win 100 music gift voucher every week start txt word draw 87066 tscs wwwldewcom skillgame1winaweek age16150ppermesssubscription,1,1
number sir,0,0
double min 1000 txt orange tariff late motorola sonyericsson nokia bluetooth free call mobileupd8 08000839402 call2optouthf8,1,1
u miss u have not 2 much bit bored holiday want 2 go bak 2 college sad be not itxx,0,0
xxxmobilemovieclub use credit click wap link next txt message click httpwap xxxmobilemovieclubcomnqjkgighjjgcbl,1,1
help u swoop pick u wherever ur bird r meet u want,0,0
fucking chickene message would late woould buzz not hear word,0,0
okay well thank clarification,0,0
lol ok ill try send warn sprint dead slow will prolly get tomorrow,0,0
good thing ' m get connection bw,0,0
dude fakemy frnd get money tht ' m reffere uif u member wit mail link u vl credited ltgt rs il getie ltgt rsi draw acc wen ltgt rs,0,0
able sleep,0,0
wat time liao still get,0,0
release vday shirt u put make bottom half naked instead white underwear,0,0
noi get rumour go buy apartment chennai,0,0
normally use drink water daily,0,0
yup next stop,0,0
k ill drinkpa need srs model pls send mail i d pa,0,0
kent vale lor wait 4 ar,0,0
value vodafone customer computer pick win 150 prize collect easy call 09061743386,1,1
anything,0,0
thk 530 lor dunno get ticket wat u,0,0
clothe jewelry trip,0,0
oic cos n sis get lunch today dad go dunno whether 2 eat sch wat,0,0
get back home,0,0
great escape fancy bridge need lager see tomo,0,0
dun need pick ur gf,0,0
private 2003 account statement 07815296484 show 800 unredeemed sim point call 08718738001 identifier code 41782 expire 181104,1,1
well ball time make call,0,0
sch neva mind u eat 1st lor,0,0
happen dear tell,0,0
ok,0,0
loan purpose even bad credit tenant welcome call noworriesloanscom 08717111821,1,1
oh half hour much long syria canada eh wow must get much work do day we extra time grin,0,0
try contact offer new video phone 750 anytime network min half price rental camcorder call 08000930705 reply delivery we d,1,1
dai download exe file run exe instal,0,0
sorry will call later,0,0
fun fact although would think armand would eventually build tolerance shit consider much smoke get fuck like 2 hit,0,0
dint sleep afternoon,0,0
think rule tamilnaduthen tough people,0,0
right though can not give space want need really starting become issue going suggest set definite move outif ' m still greece maybe ready,0,0
know wot people wear shirt jumper hat belt know r cribbs,0,0
aathiwhere dear,0,0
hey reply pa,0,0
well like actually call someone punto woulda worse,0,0
alright will head minute text meet,0,0
send new number,0,0
take we shopping mark distract isaiahd,0,0
urgent please call 09061213237 landline 5000 cash 4 holiday await collection cs sae po box 177 m227xy 16,1,1
mmmmm love wake word morning miss love hope day go well happy wait we together,0,0
want say holy shit guy not kid bud,0,0
jus finish blow hair u finish dinner already,0,0
tell friend plan valentine day lturlgt,0,0
can not keep talk people sure pay agree price pls tell want really buy much willing pay,0,0
well great weekend,0,0
neft transaction reference number ltgt rs ltdecimalgt credit beneficiary account ltgt lttimegt ltgt,0,0
aiyar dun disturb u liao thk u lot 2 aft ur cupboard come,0,0
wake gt,0,0
tddnewsletteremc1couk game thedailydraw dear helen dozen free game great prizeswith,1,1
work ah den 6 plus lor u workin oso rite den go orchard lor place go liao,0,0
come guoyang go n tell u tell,0,0
18 day euro2004 kickoff u keep inform late news result daily unsubscribe send get euro stop 83222,1,1
ringtoneke 84484,1,0
ok ill right later,0,0
first answer question,0,0
yup need will jus wait 4 e rain 2 stop,0,0
pls speak will not ask anything friendship,0,0
sorry will call later,0,0
true passable get high score apply phd get 5years salary make life easy,0,0
aiyah e rain like quite big leh drizzling least run home,0,0
get chicken broth want raman unless be not know,0,0
8007 free 1st week no1 nokia tone 4 ur mob every week txt nokia 8007 get txte tell ur mate wwwgetzedcouk pobox 36504 w4 5wq norm 150ptone 16,1,1
hurt tease make cry end life die plz keep one rose grave say stupid miss u nice day bslvyl,0,0
not plan stay night prolly will not back til late,0,0
reach home tired come tomorro,0,0
day work dayexcept saturday sunday,0,0
wait 4 sch finish ard 5,0,0
congrat 2 mobile 3 g videophone r call 09063458130 videochat wid ur mate play java games dload polyph music noline rentl bx420 ip4 5we 150p,1,1
thank much skyped wit kz sura do not get pleasure company hope good ' ve give ultimatum oh countin aburo enjoy,0,0
u secret admirer look 2 make contact ufind rreveal think ur specialcall 09058094594,1,1
send greeting joy happiness gr8 evening,0,0
many thing antibiotic use chest abdomen gynae infection even bone infection,0,0
think go reg pract lesson fling advance haha wat time u go,0,0
pls speak customer machan,0,0
dint touch,0,0
challenge know,0,0
oh god ' m almost home,0,0
good morning repair shopthe reason ' m hour,0,0
hi frnd good way avoid missunderstde wit belove one 's,0,0
's husband,0,0
dear angry busy dear,0,0
common hearin r u wat r u ur day let ask u something different u smile today gud evng,0,0
wat r u,0,0
come get b quite diff guess rite,0,0
wish family merry x mas happy new year advance,0,0
ok vldo u know get adsense approve,0,0
siva hostel aha,0,0
still tonight,0,0
want new video handset 750 time network min unlimited text camcorder reply call 08000930705 del sit,1,1
curious cuz ask,0,0
loan purpose 500 75000 homeowner tenant welcome previously refuse still help call free 0800 1956669 text back ' help ',1,1
wen ur lovable bcum angry wid u dnt take seriously coz angry childish n true way show deep affection care n luv kettoda manda nice day da,0,0
' m good register vote,0,0
designation software developer may get chennai,0,0
din tell u jus 420,0,0
urgh coach hot smell chip fat thank especially duvet predictive text word,0,0
tell dear happen talk like alian,0,0
get dump heap mom decide come lowe bore,0,0
new year eve ok go party boyfriend si hey,0,0
important customer service announcement premier,1,1
be ok noe u be busy ' m really bored msg u oso dunno wat colour choose 4 one,0,0
's feathery bowa something guy not know,0,0
rtke pro video club need help inforingtonekingcouk call 08701237397 must 16 club credit redeemable wwwringtonekingcouk enjoy,1,1
k dahow many page want,0,0
's scotland hope show jjc tendency take care live dream,0,0
guarantee 1000 cash 2000 prizeto claim yr prize call customer service representative,1,1
do handed celebration full swing yet,0,0
haf msn 's yijuehotmailcom,0,0
dude see park car sunroof pop sux,0,0
helloooo wake sweet morning welcome enjoy day full joy gud mrng,0,0
cuz ibore wan na study,0,0
hey 's veggie pizza,0,0
please ask macho price range want something new use plus interfue blackberry bold ltgt bb,0,0
hey j r u feel well,0,0
ok need tell anything go sleep good night,0,0
know god create gap finger one make come amp fill gap hold hand love,0,0
let know change next 6hrs even appendix age range however impossible chill let know 6hrs,0,0
avatar suppose subtoitle,0,0
much torch 9ja,0,0
ok bus come soon come otherwise tomorrow,0,0
7 lor change 2 suntec wat time u come,0,0
message truro hospital ext phone phone side,0,0
congratulation ur award either yrs supply cds virgin record mystery gift guarantee call 09061104283 tscs wwwsmsconet 150pm approx 3mins,1,1
u subscribe good mobile content service uk 3 per 10 day send stop 82324 helpline 08706091795,1,1
urgent call 09066612661 landline complementary 4 tenerife holiday 10000 cash await collection sae tcs po box 3 wa14 2px 150ppm 18 sender hol offer,1,1
charge transfer charge withdraw anyhow like,0,0
new address applespairsall malarky,0,0
problem,0,0
' m viveki get call number,0,0
aight ill get fb couple minute,0,0
k wait chikkuil send aftr ltgt min,0,0
sunshine quiz wkly q win top sony dvd player u know country liverpool play mid week txt ansr 82277 150 sptyrone,1,1
also tell say happy birthday,0,0
' m meet call later,0,0
chance might evaporate soon violate privacy steal phone number employer 's paperwork cool please contact report supervisor,0,0
hope good week check,0,0
derp bad dude always want party dude file complaint three drug abuser live,0,0
well give cos say do not one nighter persevere find one cheap apologise advance somewhere sleep be not,0,0
how s champ leave glasgow,0,0
be necessarily respectful,0,0
dude like buff wind,0,0
yeah 's impression get,0,0
think steyn surely get one wicket,0,0
have not mus ask u 1st wat meet 4 lunch den u n meet already lor u wan 2 go ask da ge 1st confirm w asap,0,0
big god bring success,0,0
course make stink,0,0
total video converter free download type google search,0,1
mark take forever pick prescription pain come back,0,0
hey congrat 2u2 i d luv 2 I ve 2 go home,0,0
' ve call hope l8r malaria know miss guy miss bani big pls give love especially great day,0,0
confirm eat esplanade,0,0
phone,0,0
tone club sub expire 2 resub reply monoc 4 mono polyc 4 polys 1 weekly 150p per week txt stop 2 stop msg free stream 0871212025016,1,1
tomarrow final hearing laptop case can not,0,0
,0,0
little darling far week need coffee run tomoca not believe 's time week already,0,0
cab availablethey pick drop door step,0,0
spare power supply,0,0
water log desert geoenvironmental implication,0,0
want inside every night,0,0
argh fuck nobody town,0,0
hope feel great pls fill abiola,0,0
not see shadow get early spring yay,0,0
oh really make air 's talent,0,0
also track lighter find,0,0
kkwhy can not come search job,0,0
hey boy want hot xxx pic send direct 2 ur phone txt porn 69855 24hrs free 50p per day stop text stopbcm sf wc1n3xx,1,1
finish work yet something,0,0
hope great day,0,0
start do not stop pray good idea anything see help guy ill forward link,0,0
multimedia message email,0,0
lol yes add spice day,0,0
eatin later ' m eatin wif fren lei go home first,0,0
generally not one 's uncountable noun u dictionary piece research,0,0
shuhui say change 2 suntec steamboat u noe r u,0,0
guess spend last night phase fourth dimension,0,0
also north carolina texas atm would go gre site pay test result send,0,0
thk shld b ya wana go 4 lesson haha go one whole stretch,0,0
please give we connection today ltdecimalgt refund bill,0,0
okay think expert,0,0
taste fish curry p,0,0
u ask darren go n pick u lor oso sian tmr haf 2 meet lect,0,0
do not work oh ok goodnight ill fix ready time wake dearly miss good night sleep,0,0
shall book chez jule half eight be ok,0,0
exhaust train morning much wine pie sleep well,0,0
cos shop wif darren jus n call 2 ask wat present wan lor start guess wif n finally guess darren lor,0,0
will get 3 unless guy want come time soon,0,0
pls tell nelson bb 's long comin money expect ai not come,0,0
omg one thing another cat worm bad day end,0,0
reply win 100 weekly professional sport tiger wood play send stop 87239 end service,1,1
yo game almost want go walmart soon,0,0
08714712388 10am7pm cost 10p,1,1
not think spatula hand,0,0
ok tell stay yeah tough optimistic thing improve month,0,0
' m home please call,0,0
wifehow know time murder exactly,0,0
fact be clean show know ' m upset priority constantly want,0,0
per request ' melle melle oru minnaminunginte nurungu vettam ' set callertune caller press 9 copy friend callertune,0,0
oh yah never cancel leh haha,0,0
get thing may pub later,0,0
boo time u get u suppose take shopping today,0,0
please sen kind advice please come try,0,0
know serve mean,0,0
would ip address test consider computer not minecraft server,0,0
remain bro amongst bros,0,0
ahhh work vaguely remember feel like lol,0,0
u doin baby girl hope u okay every time call ure phone miss u get touch,0,0
friend 's study warwick ' ve plan go shopping concert tmw may cancel hav not see age yeah get together sometime,0,0
get small capacity one quite ex,0,0
decide people care stuff vote care stuff loser,0,0
u 447801259231 secret admirer look 2 make contact ufind rreveal think ur specialcall 09058094597,1,1
u fix teethif asapok take care,0,0
surf online store offer want buy thing,0,0
sry can not talk phone parent,0,0
parent kidz friend n colleague scream surprise wait sofa ' naked,0,0
velly good yes please,0,0
god 's love limit god 's grace measure god 's power boundary may u god 's endless blessing always ur life gud ni8,0,0
hi customer loyalty offerthe new nokia6650 mobile 10 txtauction txt word start 81151 get 4tctxt tc 150pmtmsg,1,1
bookedthe hut also time way,0,0
' m work technical support voice process,0,0
ya can not display internal sub get to extract,0,0
winner value network customer hvae select receive 900 reward collect call 09061701444 valid 24 hour acl03530150pm,1,1
auction round 4 high bid 54 next maximum bid 71 bid send bid e g 10 bid 10 83383 good luck,1,1
great princess love give receive oral doggy style fave position enjoy make love ltgt time per night,0,0
u get 2 phone wan na chat 2 set meet call 09096102316 u cum 2moro luv jane xx calls1minmoremobsemspobox45po139wa,1,0
great ' m church holla get,0,0
k much 8th fifty,0,0
find enc ltgt,0,0
anytime lor,0,0
tmrw I m finish 9 door,0,0
haiyoh maybe hamster jealous million,0,0
gud ni8 dearslp welltake careswt dreamsmuah,0,0
guy flash go call call madam take care oh,0,0
leave already orchard,0,0
whatsup do not u want sleep,0,0
guy,0,0
yes watch footie worried be go blow phil neville,0,0
number vivek,0,0
b4 thursday,0,0
av new number wil u use oneta,0,0
' m e person 's e sms survey,0,0
winner u specially select 2 receive 1000 cash 4 holiday flight inc speak live operator 2 claim 0871277810810,1,1
housemaid murderer coz man murder ltgt th january public holiday govtinstituition closedinclude post officeunderstand,0,0
den wat e schedule b lk sun,0,0
she s fine difficulty phone work mine pls send another friend request,0,0
babe ' m answer can not see maybe would well reboot ym get photo 's great,0,0
r u continent,0,0
world 's happy frnd never character dey good understand difference,0,0
ok,0,0
hey morning come ask pa,0,0
sorry can not text amp drive coherently see twenty,0,0
hello r u I m bored inever think I d get bored tv tell something exciting happen anything,0,0
date service ask 2 contact u someone shy call 09058091870 reveal pobox84 m26 3uz 150p,1,1
nothing ju tot u would ask cos u ba gua go mt faber y y jus go already mah today go jus call lor,0,0
not yet chikkusimple habbahw abt u,0,0
urgent mobile award 2000 bonus caller prize 10803 2nd attempt contact call 08714719523 box95qu bt national rate,1,1
wn u r hurt prsn close 2 u fight wit dem coz somtime dis fight save relation bt quiet leave nothin relation gud eveb,0,0
much buzy,0,0
spoil bed well,0,0
remet alex nichols middle school turns 's deal,0,0
meh thgt clash really ah dun mind dun see lose weight gee,0,0
ard 515 like dat,0,0
do not hesitate know second time weakness like keep notebook eat day anything change day sure nothing,0,0
u secret admirer look 2 make contact ufind rreveal think ur specialcall 09065171142stopsms08,1,1
edison rightly say fool ask question wise man answer know us speechless viva gm,0,0
many lick take get center tootsie pop,0,0
hello love get interview today happy good boy think meare miss,0,0
value customer please advise follow recent review mob award 1500 bonus prize call 09066364589,1,1
be go get exciting karaoke type activity plan ' m debate whether play football eve feel lazy though,0,0
late say website not do not slipper,0,0
yetunde ' m class run water make ok pls,0,0
discount code rp176781 stop message reply stop wwwregalportfoliocouk customer service 08717205546,1,1
nothing get msgs dis name wit different 's,0,0
stupidit possible,0,0
aathiwhere dear,0,0
email alertfrom jeri stewartsize 2kbsubject lowcost prescripiton drvgsto listen email call 123,1,0
's wylie tampa sarasota,0,0
tunji 's queen wish great day abiola,0,0
otherwise part time job natuition,0,0
know god create gap finger one make come amp fill gap hold hand love,0,0
dnt worryuse ice piece cloth packalso take 2 tablet,0,0
chikku not yet ya ' m free,0,0
' m go buy mum 's present ar,0,0
nice day dear,0,0
private 2003 account statement show 800 unredeemed sim point call 08715203685 identifi code4xx26 expire 131004,1,1
pls clarify back open return ticket prepone go back kerala,0,0
leave,0,0
log 4 wat 's sdryb8i,0,0
tonight mate catch sleep new number way,0,0
september,0,0
call 09094100151 use ur min call cast 10pmin mob vary service provide aom gbp5month aom box61m60 1er u stop age 18,1,1
long beach lor expect u dinner,0,0
well do 4 costa del sol holiday 5000 await collection call 09050090044 toclaim sae tcs pobox334 stockport sk38xh cost150pm max10mins,1,1
yup thk cine well cos need 2 go 2 plaza mah,0,0
good afternoon boytoy feeling today well hope good boy obedient slave please queen,0,0
be sure ' m try make xavi smoke not want smoke tell smoke much,0,0
send like,0,0
lol could starve lose pound end day,0,0
will not get concentration dear know mind everything,0,0
hey das cool iknow 2 wellda peril studentfinancial crisisspk 2 u l8r,0,0
oh charge camera,0,0
short cute good person,0,0
ssnervous ltgt,0,0
frnd juz wordnot merely relationshipit silent promise say wherevr whenevr forevr gudnyt dear,0,0
be happen get job begin registration permanent residency,0,0
urgent 4 costa del sol holiday 5000 await collection call 09050090044 toclaim sae tc pobox334 stockport sk38xh cost150pm max10mins,1,1
fuck babe miss sooooo much wish sleep bed lonely go sleep dream love,0,0
oh u must take real valentine shopping first,0,0
' m tired arguing week week want will,0,0
tmr brin lar aiya later come n c lar mayb neva set properly get da help sheet wif,0,0
seem like weird timing night g want come smoke day shitstorm attribute always come make everyone smoke,0,0
thank yesterday sir wonderful hope enjoy burial mojibiola,0,0
jesus armand really try tell everybody find,0,0
haha good hear ' m officially pay market 8th,0,0
one interested may business plan,0,0
go film 2day da 6 pm sorry da,0,0
cheer card time year already,0,0
know dat feelin pete wuld get em nuther place nuther time mayb,0,0
come room point iron plan weekend,0,0
congrat 1 year special cinema pass 2 call 09061209465 c suprman v matrix3 starwars3 etc 4 free bx420ip45we 150pm do not miss,1,1
see film,0,0
alright tyler be get minor crisis home soon think asap,0,0
see 's back holby,0,0
nottel software name,0,0
long since scream princess,0,0
k happen tonight,0,0
yeah whatever lol,0,0
u win 100 music gift voucher every week start txt word draw 87066 tscs wwwidewcom skillgame 1winaweek age16 150ppermesssubscription,1,1
' m free,0,1
fight world easy u either win lose bt fightng some1 close u dificult u lose u lose u win u still lose,0,0
open mca,0,0
want new nokia 3510i colour phone deliver tomorrow 200 free minute mobile 100 free text free camcorder reply call 08000930705,1,1
ok will ok guess,0,0
good day,0,0
valuable affectionate loveable eternal noble truthful intimate natural enamous happy valentine day advance,0,0
pen thing beyond joke will not biro not master can not ever,0,0
do not thnk wrong call we,0,0
take something pain move however side next 6hrs see doctor,0,0
dunno cos v late n reach inside already eat spageddies lor 's e gal r laugh lor,0,0
dare stupid will not tell anything hear will not talk,0,0
wen ur lovable bcum angry wid u dnt take seriously coz angry childish n true way show deep affection care n luv kettoda manda nice day da,0,0
think tantrum 's finish yeah will point,0,0
sorry will call later,0,0
hear week,0,0
sorry go bed early nightnight,0,0
hey company elama po mudyadhu,0,0
will see swing bit get thing take care firsg,0,0
oop phone die not even know yeah like well,0,0
want bold 2 bb torch,0,0
hello darling today would love chat do not tell look like sexy,1,0
take care n get well soon,0,0
' m diet eat 1 many slice pizza yesterday ugh ' m always diet,0,0
nah be straight bring bud drink something be actually little useful straight cash,0,0
sweet well princess please tell like dislikes bed,0,0
get,0,0
camera award sipix digital camera call 09061221066 fromm landline delivery within 28 day,1,1
oop 4 get bit,0,0
' m great aunt anniversary party tarpon spring,0,0
fantasy football back tv go sky gamestar sky active play 250k dream team scoring start saturday register nowsky opt 88088,1,1
dare ask luck sort car,0,0
god pick flower dippeditinadew lovingly touch itwhichturnedinto u gift tomeandsaidthis friend 4u,0,0
account credit 500 free text message activate txt word credit 80488 tcs www80488biz,1,1
well uv cause mutation sunscreen like essential theseday,0,0
ryder unsoldnow gibb,0,0
wait till end march el nino get oh,0,0
oh k come tomorrow,0,0
private 2003 account statement show 800 unredeemed sim point call 08718738001 identifier code 49557 expire 261104,1,1
tell going get drunk,0,0
valentine game send dis msg ur friend 5 answer r someone really love u que colour suit bestrply,0,0
can not not number,0,0
oh thkin goin yogasana 10 den nd go 3 den rush parco 4 nb okie lor u call ready,0,0
way home long dry spell season would,0,0
ill give plus say grinule greet whenever speak,0,0
not think get away trek long family town sorry,0,0
yes chat,0,0
also be piece,0,0
tell drug dealer 's get impatient,0,0
yeshere tv always available work place,0,0
ltgt min stop somewhere first,0,0
be wait e car dat 's bored wat cos wait outside get nothing 2 home stuff watch tv wat,0,0
ride equally uneventful many pesky cyclist around time night,0,0
eatin lunch,0,0
thank ringtone order reference number x49your mobile charge 450 tone arrive please call customer service 09065989182,1,1
1 's reach home call,0,0
' ve already get flaky parent it'snot suppose child 's job support parentnot be ride age anyway ' m suppose support ' ve hurt unintentional hurt nonetheless,0,0
lookatme thank purchase video clip lookatme ' ve charge 35p think well send video mmsto 32323,1,0
aight will hit get cash,0,0
dawhat plan,0,0
go take babe,0,0
need lar jus testing e phone card dunno network gd thk wait 4 sis 2 finish bathe bathe dun disturb u liao u clean ur room,0,0
probably want pick,0,0
last chance claim ur 150 worth discount voucher today text shop 85023 savamob offer mobile cs savamob pobox84 m263uz 300 sub 16,1,1
k sure relative home sms de pls,0,0
lie man let know miss think great day send bimbo ugo 's number ill appreciate safe,0,0
get free call,0,1
good afternoon love job prospect miss lazy bleak hmmm happy fill love,0,0
1 thing change sentence want 2 concentrate educational career I m leave,0,0
hmm yeah groove I m look forward pound special,0,0
thk 50 shd ok say plus minus 10 leave line paragraph,0,0
lady first genus second k,0,0
alright new goal,0,0
ok prob will come lunch,0,0
want send ltgt mesage today that s sorry hurt,0,0
directly behind abt 4 row behind,0,0
k pick another 8th be do,0,0
boy love gal propsd bt do not mind gv lv lttrs bt frnd throw thm boy decide 2 aproach gal dt time truck speeding towards gal wn 2 hit girld boy run like hell n save ask ' hw cn u run fast ' boy reply boost secret energy n instantly girl shout energy n thy live happily 2gthr drinking boost evrydy moral story hv free msgsd gud ni8,0,0
hi speak maneesha v would like know satisfied experience reply toll free yes,0,0
private 2004 account statement 0784987 show 786 unredeemed bonus point claim call 08719180219 identifier code 45239 expire 060505,1,1
planning come chennai,0,0
huh lei,0,0
k fyi ' m back parent ' place south tampa might need deal somewhere else,0,0
449050000301 2000 price claim call 09050000301,1,1
i d check 's like 1 bowl worth leave,0,0
lovely smell bus be not tobacco,0,0
urgent mobile number award ukp2000 prize guarantee call 09061790125 landline claim 3030 valid 12hrs 150ppm,1,1
tell accenture confirm true,0,0
world run stillmaybe feel sameso itor admiti madthen correctionor let call lifeand keep run worldmay u r also runninglet run,0,0
ok enjoy r u home,0,0
not go tell friend be sure want live smoke much spend hour beg come smoke,0,0
yeah confirm staying weekend,0,0
late,0,0
nothing mean money enter account bank remove flat rate someone transfer ltgt account ltgt dollar get remove bank differ charge also differbe sure trust 9ja person send account detail cos,0,0
depend individual lor e hair dresser say pretty parent say look gong u kaypoh also dunno wat collect,0,0
great p diddy neighbor come toothpaste every morning,0,0
free messagethank use auction subscription service 18 150pmsgrcvd 2 skip auction txt 2 unsubscribe txt stop customercare 08718726270,1,1
ok darlin supose ok worry muchi film stuff mate babysit call therexx,0,0
want 2 get lay tonight want real dog location send direct 2 ur mob join uk 's large dogging network txte moan 69888nyt ec2a 31pmsg150p,1,1
please protect ethreat sib never ask sensitive information like passwordsatmsm pin thru email never share password anybody,0,0
last thing ever want hurt not think would would laugh embarassed delete tag keep going far know not even fact even feel like would hurt show really not know messy wednesday not bad problem time clean choose skype take picture sleep want go not mind thing not make bed throw laundry top can not friend house ' m embarasse 's underwear bras strew bed pillow floor 's something else use good least make bed,0,0
sef dey laugh meanwhile 's darling anjie,0,0
also know lunch menu da know,0,0
hope text meet smile let text give reason smile beautiful day,0,0
awesome deal gate charles tell last night uh yeah,0,0
hmv bonus special 500 pound genuine hmv voucher answer 4 easy question play send hmv 86688 infowww100percentrealcom,1,1
taka lor wat time u wan 2 come n look 4 we,0,0
cool come have not wine dine,0,0
please call amanda regard renew upgrade current tmobile handset free charge offer end today tel 0845 021 3680 subject 's c 's,1,1
reason ' ve speak year anyways great week good exam,0,0
lul i m gettin juicy gossip hospital two nurse talk fat gettin one think she s obese oyea,0,0
oh lk tt den take e one tt end cine lor dun wan yogasana oso,0,0
good morning plz call sir,0,0
write wat,0,0
hi hope ur day good back walk table book half eight let know ur come,0,0
free message activate 500 free text message reply message word free term condition visit www07781482378com,1,1
yes reply mail ' m go management office later plus bank later alsoor wednesday,0,0
ok,0,0
mila age23 blonde new uk look sex uk guys u like fun text mtalk 6986618 30pptxt 1st 5free 150 increment help08718728876,1,1
not get second half message,0,0
' ve reach sch already,0,0
' m back lem know be ready,0,0
message phone ' m hold,0,0
sorry able get see morning,0,0
come alivebetter correct good look figure,0,0
message free welcome new improved sex dog club unsubscribe service reply stop msgs150p 18only,1,1
say problem let know,0,0
usual u call ard 10 smth,0,0
news hassle get weed week andre money haughaighgtujhyguj,0,0
good morning dear shijutta great amp successful day,0,0
great day beautiful one,0,0
yeshe good crickiting mind,0,0
do not worry well finish march ish,0,0
opinion 1 2 jada 3 kusruthi 4 lovable 5 silent 6 spl character 7 mature 8 stylish 9 simple pls reply,0,0
hate call do not accept even single call mine even message,0,0
twink bear scallie skin jock call not miss weekend 's fun call 08712466669 10pmin 2 stop text call 08712460324nat rate,1,1
good night dear sleepwellamptake care,0,0
register optin subscriber ur draw 4 100 gift voucher enter receipt correct ans 80062 what s no1 bbc chart,1,1
hi happy new year do not mean intrude pls let know much tuition pay last semester much semester thank,0,0
warner village 83118 c colin farrell swat wkend warner village get 1 free med popcornjust show msgticketkioskvalid 4712 c tc kiosk reply sony 4 mre film offer,1,1
lil fever fine,0,0
yes outside like 2 hour call whole family wake cause start 1,0,0
norm tomorrow finish 415 cos st test need sort library stuff point tomo get letter today access til end march well get move,0,0
645,0,0
okay good problem thanx,0,0
nobody decide eat dad want chinese,0,0
gam go outstanding inning,0,0
hey go quit soon xuhui work till end month,0,0
might go 2 sch yar e salon v boring,0,0
do not much image class,0,0
ur award city break could win 200 summer shopping spree every wk txt store 88039 skilgme tscs087147403231winawkage16 150perwksub,1,1
thesmszonecom let send free anonymous mask messagesim send message theredo see potential abuse,1,0
love aathilove u lot,0,0
's mummy 's boy good bad positive negative mummy make wait hmmmm,0,0
2004 account 07xxxxxxxxx show 786 unredeemed point claim call 08719181259 identifier code xxxxx expire 260305,1,1
life strict teacher bcoz teacher teach lesson amp conduct exam life first conduct exam amp teach lesson happy morning,0,0
knowhe watch film computer,0,0
2nd time try 2 contact u u 750 pound prize 2 claim easy call 08712101358 10p per min btnationalrate,1,1
meet rite will go home lor dun feel like comin 's ok,0,0
give one miss number please,0,0
sorry trouble u buy 4d dad 1405 1680 1843 2 big 1 small sit n sun thanx,0,0
eh u remember 2 spell name yes v naughty make v wet,0,0
gr8 new service live sex video chat mob see sexy dirty girl live ur phone 4 detail text horny 89070 cancel send stop 89070,1,1
do not think need yellow card uk travel ask someone go ltgt buck,0,0
rgent 2nd attempt contact uu 1250 call 09071512433 b4 050703 tcsbcm4235wc1n3xx callcost 150ppm mobilesvary max7 50,1,1
sorry will call later,0,0
height confidence aeronautic professor wer calld amp wer askd 2 sit aeroplane aftr sit wer tell dat plane ws make student dey hurried plane bt 1 do not move saidif make student,0,0
see letter b car,0,0
hi lucy hubby meetins day fri b alone hotel u fancy cumin pls leave msg 2day 09099726395 lucy x calls1minmobsmorelkpobox177hp51fl,1,0
tunde wish great day abiola,0,0
ur physics get,0,0
sfrom training manual show tech processit password reset troubleshooting,0,0
somewhere beneath pale moon light someone think u dream come true goodnite amp sweet dream,0,0
also chat awesome not make regular unless see person,0,0
mum go robinson already,0,0
aight will work thank,0,0
day say cut ur hair paragon call hair sense noe much hair cut,0,0
neva grumble sad lor hee buy tmr lor aft lunch still meetin 4 lunch tmr neva hear fr lei get lot work ar,0,0
not hear,0,0
sac need carry,0,0
wow v v impressed fun shopping,0,0
think mentor 100 percent sure,0,0
goodmorning today late 2hrs back pain,0,0
ill obey,0,0
really hope work do not get stressful gr8 day,0,0
' m really still tonight babe,0,0
oh yeah clearly 's fault,0,0
nothing ever easy not look reason take risk life love,0,0
congrat 2 mobile 3 g videophone r call 09061744553 videochat wid ur mate play java game dload polyh music noline rentl bx420 ip4 5we 150pm,1,1
ard 4 lor,0,0
ever think live good life perfect partner txt back name age join mobile community 100psms,1,1
' m fine hope good take care,0,0
hey r watching movie tonight will prob b home early,0,0
cool want go kappa meet outside mu,0,0
yes see ya dot,0,0
yup ok,0,0
absolutely love south park recently start watch office,0,0
do not search online let know,0,0
call dad oredi,0,0
oh ho first time u use type word,0,0
be currently scotland,0,0
happy birthday youdearwith lot loverakhesh nri,0,0
go take bath ill place key window,0,0
win really 1 side long time,0,0
leave qatar tonite search opportunityall go fastpls add ur prayer dearrakhesh,0,0
hello thanx take call get job start monday,0,0
hi babe uawakefeellikw shitjustfound via aletter thatmum gotmarrie 4thnovbehind ourback fuckinniceselfish,0,0
dai da send resume i d,0,0
be think lift one,0,0
ok sweet dream,0,0
want 750 anytime network min 150 text new video phone five pound per week call 08000776320 reply delivery tomorrow,1,1
u still have not get urself jacket ah,0,0
how s pain deary r u smile,0,0
happy new year no1 man,0,0
good watch say cause get drunk motherfucker,0,0
k send,0,0
boooo always work quit,0,0
oktake careumma,0,0
die accidentally delete e msg suppose 2 put e sim archive haiz sad,0,0
go 4 e normal pilate intro,0,0
think u wrong number,0,0
okay name ur price long legal wen pick u ave x ams xx,0,0
askd u question hour answer,0,0
would like tell deep darkest fantasy call 09094646631 60pmin stop text call 08712460324 nat rate,1,1
r outside already,0,0
impossible argue always treat like sub like never release remind necessary,0,0
u early,0,0
wow boy r back take 2007 uk tour win vip ticket prebook vip club txt club 81303 trackmarque ltd infovipclub4u,1,1
aight still want get money,0,0
sorry will call later meet sir,0,0
400 xmas reward wait computer randomly pick loyal mobile customer receive 400 reward call 09066380611,1,1
ok another number,0,0
hurt n meaningful line ever compromise everything love,0,0
u love someone do not make love u much u love much do not want love anyone except gud nit,0,0
do not worry guess be busy,0,0
hi good mornin thanku wish u,0,0
good afternoon babe go day job prospect yet miss love sigh,0,0
alright will bring see like ltgt min,0,0
wondarfull song,0,0
one good dialogue cute reltnship wen die,0,0
thank talk saturday dear cherish brother role model,0,0
do not file bagi work call mei will tell find anything room,0,0
1000 's flirt txt girl bloke ur name age eg girl zoe 18 8007 join get chat,1,1
give we back i d proof ltgt rs will not allow work come home within day,0,0
5 2 work timing,0,0
' ve always brainy one,0,0
thank lovely wished rock,0,0
guy plan come,0,0
jay want work first be 4 sound,0,0
bull plan go float ikea without care world live mess another day,0,0
sorry will call later meet,0,0
wait 4 u lor need 2 feel bad lar,0,0
hear u4 call 4 rude chat private line 01223585334 cum wan 2c pic gettin shag text pix 8552 2end send stop 8552 sam xxx,1,1
k go sleep well take rest,0,0
yup leave right back soon,0,0
oi ami parchi na kicchu kaaj korte iccha korche na phone ta tul na plz plz,0,0
dunno wat get 4,0,0
oh kafter placement ah,0,0
themob check new selection content game tone gossip babes sport keep mobile fit funky text wap 82468,1,1
get room soon not put clock back til 8 shout everyone get realise 7 wahay another hour bed,0,0
li hai bored da lecturer repeat last week stuff waste time,0,0
yes not care cause know,0,0
get ready ltgt inch pleasure,0,0
sore throat 's scratch talk,0,0
send ur birthdate month year tel u ur life partner 's name method calculation reply must,0,0
ok ask abt e movie u wan ktv oso,0,0
drive read need write,0,0
yuou work get pc mom 's find spot would work need,0,0
download many ringtone u like restriction 1000s 2 choose u even send 2 yr buddys txt sir 80082 3,1,1
love start attractioni feel need every time around meshe first thing come thoughtsi would start day end hershe every time dreamlove every breath namemy life happen around hermy life name heri would cry herwill give happiness take sorrowsi ready fight anyone heri love craziest thing herlove not proove anyone girl beautiful lady whole planeti always singe praise herlove start make chicken curry end makie sambarlife beautiful thenwill get every morning thank god day mei would like say lotwill tell later,0,0
aight rush will ask jay,0,0
yeshere tv always available work place,0,0
sure since parent work tuesday not really need cover story,0,0
' m do ' m sorry hope next space give everything want remember furniture ' m around move lock lock leave key jenne,0,0
correct work today,0,0
shall bring we bottle wine keep we amused joke ill bring one anyway,0,0
r e meeting tmr,0,0
' m go 4 dinner soon,0,0
work week,0,0
ur balance 600 next question complete landmark big bob b barry c ben text b c 83738 good luck,1,0
u download fre app,0,0
yeshe really greatbhaji tell kallis good cricketer sachin worldvery tough get,0,0
great hope like man well endow ltgt inch,0,0
missionary hook doggy hook stand,0,0
promise take good care princess run please send pic get chance ttyl,0,0
send jd customer service cum account executive ur mail i d detail contact we,0,1
hi hope u get txtjourney have not gdnow 50 min late think,0,0
mm food da,0,0
text pass 69669 collect polyphonic ringtone normal gprs charge apply enjoy tone,1,1
u,0,0
u go to get deus ex,0,0
's ring come guy costume 's gift future yowife hint hint,0,0
yo call get chance friend mine want ask big order,0,0
plan yet,0,0
problem talk later,0,0
sindu get job birla soft,0,0
dun thk will quit yet hmmm go jazz yogasana oso go meet em lesson den,0,0
5 nightswe not staying port step liaotoo ex,0,0
long applebee fucking take,0,0
donno gene something,0,0
urgent 1 week free membership 100000 prize jackpot txt word claim 81010 tc wwwdbuknet lccltd pobox 4403ldnw1a7rw18,1,1
please call customer service representative 0800 169 6031 10am9pm guarantee 1000 cash 5000 prize,1,1
yeah probably,0,0
guy close,0,0
add not really care can not least get dude fuck hey money want,0,0
probably go to swing wee bit,0,0
wow healthy old airport rd lor can not thk anything else will b bathing dog later,0,0
management puzzele,0,0
urgent try contact u today draw show 800 prize guarantee call 09050003091 land line claim c52 valid12hrs,1,1
1 nokia tone 4 ur mob every week txt nok 87021 1st tone free get txtin tell ur friend 150ptone 16 reply hl 4info,1,1
yup study surfing lor ' m e lazy mode today,0,0
ya one slow poo,0,0
exact intention,0,0
whenevr ur sad whenevr ur gray remembr I m 2 listn 2 watevr u wan na say jus walk wid little whileamp promise will bring back ur smile,0,0
free 1st week no1 nokia tone 4 ur mobile every week txt nokia 8077 get txte tell ur mate wwwgetzedcouk pobox 36504 w45wq 16 norm150ptone,1,1
u secret admirer look 2 make contact ufind rreveal think ur specialcall 09065171142stopsms08718727870150ppm,1,1
oh right ok will make sure load work day get really nasty cough today dry n shot really help,0,0
time n smile r two crucial thing life sometimes time make we forget smile sometimes someone 's smile make we forget time gud noon,0,0
try get lose fact tee hee,0,0
freemsg hey u get 1 videopic fone reply wild txt ill send u pic hurry I m bored work xxx 18 150prcvd stop2stop,1,0
fine miss much,0,0
wnt buy bmw car urgentlyit vry urgentbut hv shortage ltgt lacsthere source arng dis amt ltgt lacsthats prob,0,0
I m snowboard trip wonder planning get everyone together befor goa meet greet kind affair cheer,0,0
ok bus come soon come otherwise tomorrow,0,0
lose 10 kilo today,0,0
much bad avoid like,0,0
understand loss gain work school,0,0
sing hu think also important find someone female know place well preferably citizen also smart help navigate even thing like choose phone plan require guidance doubt ask especially girl,0,0
could ask carlos could get anybody else chip,0,0
's feel mr real valentine yo valentine even tho u hardly play,0,0
I m park next mini come today think,0,0
sorry roommate take forever ok come,0,0
daddy shu shu look 4 u u wan 2 tell u be singapore wat,0,0
smith waste dai wan na gayle,0,0
tuesday night r u 4 real,0,0
regret inform u nhs make mistakeu never actually bornplease report 2 yor local hospital 2b terminatedwe r sorry 4 inconvenience,0,0
4 taco 1 rajas burrito right,0,0
alright babe,0,0
dear umma call,0,0
well 's pattern emerge friend tell drive come smoke tell ' m weed fiendmake smoke muchimpede thing see ' m hesitant,0,0
complete degree use join finance,0,0
k will take care,0,0
interflora 's late order interflora flower christmas call 0800 505060 place order midnight tomorrow,1,0
s'fine anytime good,0,0
purchase stuff today mail po box number,0,1
bday real april,0,0
nope ' m still market,0,0
ahhhhjust wake uphad bad dream u thoso do not like u right do not know anything comedy night guess I m,0,0
hi baby I m cruisin girl friend r u 2 give call hour home that s alright fone fone love jenny xxx,0,0
ltgt mca conform,0,0
r u still work,0,0
lol need cash nitro hurry come crash,0,0
except there s chick huge boob,0,0
' m freeze crave ice fml,0,0
really gooddhanush rock,0,0
outside office take,0,0
thanx 4 e brownie 's v nice,0,0
cool will text ' m way,0,0
oh get many responsibility,0,0
hello orange 1 month 's free access games news sport plus 10 free text 20 photo message reply yes term apply wwworangecoukow,1,1
wow not think common take back ur freak unless u chop,0,0
sunny california weather 's cool,0,0
jus hope true missin cos ' m really missin not do anything feel guilty yet,0,0
will not b 215 try 2 sort house ok,0,0
2marrow we d ltgt 2 aha,0,0
tell who s pls,0,0
cold do not sad dear,0,0
that s thing ape u fight death keep something minute u let go that s,0,0
's bruv hope great break rewarding semester,0,0
fair enough anything go,0,0
today sorry day ever angry ever misbehave hurt plz plz slap urself bcoz ur fault ' m basically good,0,0
do not shall buy one dear,0,0
sorry hurt,0,0
love wine dine lady,0,0
say fantastic chance anything need big life lift lose 2 live think would first person 2 die n v q,0,0
oh god ' m go to google nearby cliff,0,0
glad talk,0,0
hear u4 call 4 rude chat private line 01223585334 cum wan 2c pic gettin shag text pix 8552 2end send stop 8552 sam xxx,1,1
let make saturday monday per convenience,0,0
ya well fine bbdpooja full pimpleseven become quite blackand ur rite cold wear sweatter,0,0
ya ok dinner,0,0
great send account number,0,0
yeah go bored depressed sittin waitin phone ring hope wind drop though scary,0,0
last chance claim ur 150 worth discount voucher today text shop 85023 savamob offer mobile cs savamob pobox84 m263uz 300 sub 16,1,1
' m come whatever want,0,0
freemessage jamsterget crazy frog sound poly text mad1 real text mad2 88888 6 crazy sound 3 gbpweek 16only tc be apply,1,1
urgent try contact u today draw show 800 prize guarantee call 09050001295 land line claim a21 valid 12hrs,1,1
em olowoyey uscedu great time argentina sad secretary everything bless,0,0
much fight good nite,0,0
ltgt ish minute 5 minute ago wtf,0,0
join uk 's horny dog service u sex 2nite sign follow instruction txt entry 69888 nytec2a3lpmsg150p,1,1
call 09090900040 listen extreme dirty live chat go office right total privacy one know sic listening 60p min 247mp 0870753331018,1,0
samus shoulder yet,0,0
have not,0,0
alex know guy sell mid 's south tampa not think could set like 8,0,0
hear loud scream ltgt minute cause gyno shove thing not belong,0,0
thanx birthday already,0,0
type stuff sing,0,0
wish family merry x mas happy new year advance,0,0
100 date service call 09064012103 box334sk38ch,1,1
oh ok,0,0
haha awesome might need take doin tonight,0,0
want snow 's freeze windy,0,0
sorry will call later meet,0,0
still chance search hard get itlet try,0,0
beautiful truth gravity read carefully heart feel light someone feel heavy someone leave good night,0,0
day ask anand number,0,0
sorry get late start be way,0,0
da good good playerwhy unsold,0,0
rofl betta invest anti age product,0,0
guy kadeem not sell since break know one guy 's paranoid fuck not like sell without can not til late tonight,0,0
be do mean,0,0
doinghow,0,0
bloomberg message center 447797706009 wait apply future httpcareer bloombergcom,1,1
u get person story,0,0
nah can not help ' ve never iphone,0,0
sorry will call later,0,0
22 146tf150p,1,0
boy late 2 home father power frndship,0,0
check,0,0
hope 's result consistently intelligent kind start ask practicum link keep ear open good ttyl,0,0
hi darlin cantdo anythingtomorrow myparent aretake outfor meal u free katexxx,0,0
hey pay salary de ltgt,0,0
yeah do not stand close tho you ll catch something,0,0
ok msg u b4 leave house,0,0
still check da,0,0
private 2003 account statement 078,1,1
call,0,0
lol always convince,0,0
beautiful truth gravity read carefully heart feel light someone feel heavy someone leave good night,0,0
ok give 5 minute think see btw be alibi cut hair whole time,0,0
say go back bed can not sleep anything,0,0
keep away like,0,0
lol u trust,0,0
da birthdate certificate april real date today do not publish shall give special treat keep secret way thank wish,0,0
hey really horny want chat see naked text hot 69698 text charge 150pm unsubscribe text stop 69698,1,1
nicenicehow work,0,0
ok,0,0
pandy join 4w technology todayhe get job,0,0
awesome go to soon later tonight,0,0
wish great day moji tell offer always speechless offer easily go great length behalf stunning exam next friday keep touch sorry,0,0
maybe pressie,0,0
nicenicehow work,0,0
sarcasm not scarcasim,0,0
pls call da happen,0,0
miss call alert number call left message 07008009200,1,1
train back northampton ' m afraid ' m staying skyve today ho ho around wednesday though fancy comedy club week way,0,0
haha well late ever way could swing,0,0
santa call would little one like call santa xmas eve call 09077818151 book time calls150ppm last 3min 30 tc wwwsantacallingcom,1,0
walk mom right stagwood pass right winterstone leave victor hill address ltgt,0,0
pls help tell ashley can not find number oh,0,0
hui xin da lib,0,0
work ring u thing whole houseful screaming brat pull hair love u,0,0
wat u,0,0
strange watch 2nd one ' m bed sweet dream miss u,0,0
right be not phone someone number like,0,0
wow love sooo much know barely stand wonder day go well love think miss,0,0
want lick pussy,0,0
sorry will call later,0,0
do not thnk wrong call we,0,0
joy 's father john john name joy 's father mandan,0,0
omg joanna freaking 's look thru friend find photo 's ask stuff myspace not even log like year,0,0
plane give month end,0,0
hurry home soup do,0,0
thank ringtone order reference number x49 mobile charge 450 tone arrive please call customer service 09065989182 colourredtextcolourtxtstar,1,1
maybe say hi find get card great escape wetherspoon,0,0
ok lor,0,0
think slide enough,0,0
ok knackered come home go sleep good full time work lark,0,0
come aftr ltdecimalgt clean house,0,0
goodmorning sleep ga,0,0
sign maturity start say big thing actually start understand small thing nice evening bslvyl,0,0
try contact response offer new nokia fone camcorder hit reply call 08000930705 delivery,1,1
u call right call hand phone,0,0
take care sleep wellyou need learn change lifeyou need get convinced thati wait conversation usget convince timeyour family many sensesrespect overemphasiseor u role life,0,0
life nothing wen v get everything life everything wen v miss something real value people wil realize absence gud mrng,0,0
xam hall boy ask girl tell starting term dis answer den manage lot hesitation n lookin around silently say intha ponnungale ipaditan,0,0
be guy get back g say thinking stay mcr,0,0
mm time do not like fun,0,0
good afternoon glorious anniversary day sweet j hope find happy content prey think send teasing kiss across sea coax image fond souvenier cougarpen,0,0
hidid ask waheeda fathima leave,0,0
speak uncle john today strongly feel need sacrifice keep be go call beg listen do not make promise make clear thing easy need please let we work thing long keep expect help creativity stifle pls keep happy promise part,0,0
urgent 2nd attempt contact u 900 prize yesterday still await collection claim call 09061702893 acl03530150pm,1,1
lol yeah point guess,0,0
six chance win cash 100 20000 pound txt csh11 send 87575 cost 150pday 6days 16 tsandc apply reply hl 4 info,1,1
bugis oso near wat,0,0
ow u deyi pay 60400thousadi tell u would call,0,0
kkhow training process,0,0
apo mokka player,0,0
olol print forum post guy exact prob fix gpu replacement hopefully do not ignore,0,0
welcome select o2 service add benefit call specially train advisor free mobile dialling 402,1,1
I m arestaurant eat squid 1030 wan na dosomethe late,0,0
god ask forgiveness little child give lovely reply,0,0
yeah open chat click friend list make list easy pie,0,0
oh howda gud gud mathe en samachara chikku,0,0
will pay like ltgt yrs difficult,0,0
btw regard really try see anyone else 4th guy commit random dude,0,0
os call ubandu run without instal hard diskyou use os copy important file system give repair shop,0,0
goodnight da thangam really miss u dear,0,0
piggy r u awake bet u be still sleep ' m go 4 lunch,0,0
really tot ur paper end long ago wat u copy jus get use u happy lar still haf 2 study,0,0
500 new mobile 2004 must go txt nokia 89545 collect todayfrom 1 www4tcbiz 2optout 08718726270150gbpmtmsg18 txtauction,1,1
yeah probably still get to check leo,0,0
dle 3d imp,0,0
ha ha ha good joke girl situation seeker,0,0
win urgent mobile number award 2000 prize guarantee call 09061790121 land line claim 3030 valid 12hrs 150ppm,1,1
get arrest possession shit lttimegt pm,0,0
I m fine babe be not 2 much tho see scary movie y quite funny want 2mrw afternoon town mall sumthinxx,0,0
let know detail fri u find cos ' m tom fri mentionne chinese thank,0,0
arm fine 's cardiff uni,0,0
ur chance win 250 cash every wk txt action 80608 t'sc 's wwwmovietriviatv custcare 08712405022 1x150pwk,1,1
please call 08712402578 immediately urgent message wait,1,1
sorry will call later ltgt min,0,0
yeah imagine would really gentle unlike doc treat patient like turkey,0,0
turn friend stay whole show will not back til ltgt feel free go ahead smoke ltgt worth,0,0
wa u efficient gee thanx,0,0
onum ela pa normal,0,0
hard true much show amp express love someonethat much hurt leave get seperatedud evening,0,0
' m home n ready,0,0
back good journey let know need receipt shall tell like pendent,0,0
check room befor activity,0,0
arun u transfr amt,0,0
man always need beautiful intelligent care love adjustable cooperative wife law allow one wife,0,0
bognor splendid time year,0,0
even u do not get trouble convincingjust tel twice tel neglect msgs do not c read itjust do not reply,0,0
knowthis week ' m go tirunelvai da,0,0
ya knw u vl givit ok thanks kanoanyway enjoy wit ur family wit 1st salary,0,0
abj serve stay dad alone,0,0
yes pretty lady like single,0,0
sorry send blank msg yup try 2 serious study,0,0
would like see xxx pic hot nearly ban uk,1,0
private 2003 account statement show 800 unredeemed point call 08719899230 identifier code 41685 expire 071104,1,1
will mu like ltgt second,0,0
boy make fun today ok problem send one message fun,0,0
guarantee 200 award even 1000 cashto claim ur award call free 08000407165 18 2 stop getstop 88222 php rg21 4jx,1,1
hi baby I m sit bloody bus mo will not home 730 wan na somethin later call later ortxt back jess xx,0,0
not fret will buy ovulation test strip send will not get til like march send postal addressu will alrightokay,0,0
hmmm imagine ' ve come home rub foot make dinner help get ready date sure ready kind life,0,0
ok lor wat time finish,0,0
night end another day morning come special way may smile like sunny ray leave worry blue blue bay gud mrng,0,0
check error difficulty correction,0,0
yeah think use gt atm register sure be anyway help let know sure ready,0,0
de ask like,0,0
try contact reply offer 750 min 150 textand new video phone call 08002988890 reply free delivery tomorrow,1,1
ok tell half hr b4 u come need 2 prepare,0,0
see,0,0
horrible u eat mac eat u forgot abt already rite u take long 2 reply thk 's toot b4 b prepared wat shall eat,0,0
do not know oh hopefully month,0,0
right brah see later,0,0
today vodafone number end 4882 select receive 350 award number match call 09064019014 receive 350 award,1,1
guarantee 1000 cash 2000 prize claim yr prize call customer service representative 08714712394 10am7pm,1,1
please call customer service representative freephone 0808 145 4742 9am11pm guarantee 1000 cash 5000 prize,1,1
ho ho big belly laugh see ya tomo,0,0
thank honey great day,0,0
get divorce lol she s,0,0
kall bestcongrat,0,0
hey babe sorry not get soon gary come fix cause think know not go far ptbo say cost ltgt buck not know might cheaper find someone not second hand machine right let know want babe,0,0
free ringtone wait collect simply text password mix 85069 verify get usher britney fml,1,1
do not show far put new picture facebook,0,0
prashanthettan 's mother pass away last night pray family,0,0
wake long ago already dunno thing,0,0
send print out da,0,0
everybody fun evening miss,0,0
kdo evening daurgent,0,0
80488 500 free text message valid 31 december 2005,1,1
ever notice be drive anyone go slow idiot everyone drive fast maniac,1,0
seem unnecessarily affectionate,0,0
cud u tell ppl i m gona b bit l8 cos 2 bus hav gon past cos full I m still waitin 4 1 pete x,0,0
ha must walk everywhere take tram cousin say walk vic market hotel,0,0
come online today night,0,0
dunno lei like dun haf,0,0
valentine day special win 1000 quiz take partner trip lifetime send go 83600 150pmsg rcvd custcare08718720201,1,1
crucify c tell early,0,0
please inform application airtel broadband process successfully installation happen within 3 day,0,0
thank much skyped wit kz sura do not get pleasure company hope good ' ve give ultimatum oh countin aburo enjoy message send day ago,0,0
great trip india bring light everyone project everyone lucky see smile bye abiola,0,0
e admin building might b slightly early will call u ' m reach,0,0
tyler get 8th leave long 9 get like hour,0,0
si think waste rr,0,0
plz tell ans bslvyl send via fullonsmscom,0,0
not spring come early yay,0,0
haf u find feel stupid da v cam work,0,0
go nothing greatbye,0,0
yes place town meet exciting adult single uk txt chat 86688 150pmsg,1,1
guarantee late nokia phone 40 gb ipod mp3 player 500 prize txt word collect 83355 ibhltd ldnw15h 150pmtmsgrcvd18,1,1
get to,0,0
will late,0,0
want new video handset 750 anytime network min half price line rental camcorder reply call 08000930705 delivery tomorrow,1,1
win new harry potter order phoenix book 5 reply harry answer 5 question chance first among reader,1,1
pls confirm time collect cheque,0,0
not mean post write like many time ' ve ritten stuff let sit feel time angry left hit send stop not check phone get car not say not sleep bored would not time clean fold laundry etc least make bed,0,0
place man,0,0
hi babe chloe r u smash saturday night great weekend u miss sp visionsmscom text stop stop 150ptext,1,0
see half hour,0,0
lol oh get friend dog,0,0
ill call evening ill idea,0,0
thursday night yeah sure thing will work,0,0
7 esplanade mind give lift cos get car today,0,0
house e sky quite dark liao raining get excuse 2 run already rite hee,0,0
thankyou much call appreciate care,0,0
purity friendship two smile reading forward messageit smile see name gud evng musthu,0,0
ok,0,0
carlos take leave minute,0,0
takin shower yeah will leave ' m do,0,0
new theory argument win situation lose person do not argue ur friend kick amp say ' m always correct,0,0
sex ur mobile free sexy pic jordan text babe 88600 every wk get sexy celeb pocketbabecouk 4 pic 16 3wk 087016248,1,1
hello news job making wait fifth week yeah I m woozles weasel exeter still home 3,0,0
ok dear call chechi,0,0
k still love,0,0
ltdecimalgt common car well buy china asia find less expensive ill holla,0,0
rightio 1148 well be not bright early morning,0,0
yes 's u texte pshewmissing much,0,0
get door ' m,0,0
kit strip bill 150p netcollex ltd po box 1013 ig11 oja,1,1
